{
    "bridge_1": [
        [
            -4.371138828673793e-08,
            0.0,
            -1.0,
            15.0
        ],
        [
            0.0,
            0.9999999403953552,
            0.0,
            0.0
        ],
        [
            1.0,
            0.0,
            -4.371138828673793e-08,
            -30.0
        ],
        [
            0.0,
            0.0,
            0.0,
            1.0
        ]
    ],
    "bridge_10": [
        [
            -4.371138828673793e-08,
            0.0,
            1.0,
            -35.0
        ],
        [
            0.0,
            0.9999999403953552,
            0.0,
            0.0
        ],
        [
            -1.0,
            0.0,
            -4.371138828673793e-08,
            50.0
        ],
        [
            0.0,
            0.0,
            0.0,
            1.0
        ]
    ],
    "bridge_11": [
        [
            -4.371138828673793e-08,
            0.0,
            1.0,
            15.0
        ],
        [
            0.0,
            0.9999999403953552,
            0.0,
            0.0
        ],
        [
            -1.0,
            0.0,
            -4.371138828673793e-08,
            50.0
        ],
        [
            0.0,
            0.0,
            0.0,
            1.0
        ]
    ],
    "bridge_12": [
        [
            1.0,
            0.0,
            0.0,
            30.0
        ],
        [
            0.0,
            1.0,
            0.0,
            0.0
        ],
        [
            0.0,
            0.0,
            1.0,
            35.0
        ],
        [
            0.0,
            0.0,
            0.0,
            1.0
        ]
    ],
    "bridge_2": [
        [
            1.0,
            0.0,
            0.0,
            30.0
        ],
        [
            0.0,
            1.0,
            0.0,
            0.0
        ],
        [
            0.0,
            0.0,
            1.0,
            10.0
        ],
        [
            0.0,
            0.0,
            0.0,
            1.0
        ]
    ],
    "bridge_3": [
        [
            1.1924880638503055e-08,
            0.0,
            -1.0,
            -35.0
        ],
        [
            0.0,
            1.0,
            0.0,
            0.0
        ],
        [
            1.0,
            0.0,
            1.1924880638503055e-08,
            -30.0
        ],
        [
            0.0,
            0.0,
            0.0,
            1.0
        ]
    ],
    "bridge_4": [
        [
            1.0,
            0.0,
            0.0,
            30.0
        ],
        [
            0.0,
            1.0,
            0.0,
            0.0
        ],
        [
            0.0,
            0.0,
            1.0,
            -15.0
        ],
        [
            0.0,
            0.0,
            0.0,
            1.0
        ]
    ],
    "bridge_5": [
        [
            -4.371138828673793e-08,
            0.0,
            -1.0,
            -10.0
        ],
        [
            0.0,
            0.9999999403953552,
            0.0,
            0.0
        ],
        [
            1.0,
            0.0,
            -4.371138828673793e-08,
            -30.0
        ],
        [
            0.0,
            0.0,
            0.0,
            1.0
        ]
    ],
    "bridge_6": [
        [
            -1.0,
            0.0,
            -8.742277657347586e-08,
            -50.0
        ],
        [
            0.0,
            1.0,
            0.0,
            0.0
        ],
        [
            8.742277657347586e-08,
            0.0,
            -1.0,
            35.0
        ],
        [
            0.0,
            0.0,
            0.0,
            1.0
        ]
    ],
    "bridge_7": [
        [
            -4.371138828673793e-08,
            0.0,
            1.0,
            -10.0
        ],
        [
            0.0,
            0.9999999403953552,
            0.0,
            0.0
        ],
        [
            -1.0,
            0.0,
            -4.371138828673793e-08,
            50.0
        ],
        [
            0.0,
            0.0,
            0.0,
            1.0
        ]
    ],
    "bridge_8": [
        [
            1.0,
            0.0,
            0.0,
            -50.0
        ],
        [
            0.0,
            1.0,
            0.0,
            0.0
        ],
        [
            0.0,
            0.0,
            1.0,
            10.0
        ],
        [
            0.0,
            0.0,
            0.0,
            1.0
        ]
    ],
    "bridge_9": [
        [
            1.0,
            0.0,
            0.0,
            -50.0
        ],
        [
            0.0,
            1.0,
            0.0,
            0.0
        ],
        [
            0.0,
            0.0,
            1.0,
            -15.0
        ],
        [
            0.0,
            0.0,
            0.0,
            1.0
        ]
    ],
    "castle": [
        [
            1.0,
            0.0,
            0.0,
            -10.0
        ],
        [
            0.0,
            1.0,
            0.0,
            0.0
        ],
        [
            0.0,
            0.0,
            1.0,
            10.0
        ],
        [
            0.0,
            0.0,
            0.0,
            1.0
        ]
    ],
    "turret_1": [
        [
            1.0,
            0.0,
            0.0,
            -50.0
        ],
        [
            0.0,
            1.0,
            0.0,
            0.0
        ],
        [
            0.0,
            0.0,
            1.0,
            -30.0
        ],
        [
            0.0,
            0.0,
            0.0,
            1.0
        ]
    ],
    "turret_2": [
        [
            1.0,
            0.0,
            0.0,
            30.0
        ],
        [
            0.0,
            1.0,
            0.0,
            0.0
        ],
        [
            0.0,
            0.0,
            1.0,
            50.0
        ],
        [
            0.0,
            0.0,
            0.0,
            1.0
        ]
    ],
    "turret_3": [
        [
            1.0,
            0.0,
            0.0,
            30.0
        ],
        [
            0.0,
            1.0,
            0.0,
            0.0
        ],
        [
            0.0,
            0.0,
            1.0,
            -30.0
        ],
        [
            0.0,
            0.0,
            0.0,
            1.0
        ]
    ],
    "turret_4": [
        [
            1.0,
            0.0,
            0.0,
            -50.0
        ],
        [
            0.0,
            1.0,
            0.0,
            0.0
        ],
        [
            0.0,
            0.0,
            1.0,
            50.0
        ],
        [
            0.0,
            0.0,
            0.0,
            1.0
        ]
    ]
}
